<?xml version="1.0" encoding="UTF-8"?>
<beans xmlns="http://www.springframework.org/schema/beans" xmlns:xsi="http://www.w3.org/2001/XMLSchema-instance"
	xmlns:jdbc="http://www.springframework.org/schema/jdbc"
	xsi:schemaLocation="http://www.springframework.org/schema/beans http://www.springframework.org/schema/beans/spring-beans-4.0.xsd
						http://www.springframework.org/schema/jdbc  http://www.springframework.org/schema/jdbc/spring-jdbc-4.0.xsd">
	
	<!-- 환경설정 기본정보를 globals.properties 에서 참조하도록 propertyConfigurer 설정  -->
	<bean id="propertyConfigurer"
        class="org.springframework.beans.factory.config.PropertyPlaceholderConfigurer">
        <property name="locations">
            <list>
                <value>classpath:/egovframework/egovProps/globals.properties</value>
                <!-- value>file:/product/jeus/egovProps/globals.properties</value-->
            </list>
        </property>
    </bean>
    
    <!-- datasource 설정(propertyConfigurer 활용) -->
    <alias name="dataSource-${Globals.DbType}" alias="dataSource" />
    <alias name="dataSource-${Globals.DbType}" alias="egov.dataSource" />
    
	<!-- hsql -->
    <jdbc:embedded-database id="dataSource-hsql" type="HSQL">
		<jdbc:script location= "classpath:/db/shtdb.sql"/>
	</jdbc:embedded-database>
	
 	<!-- <bean id="dataSource-hsql" class="org.apache.commons.dbcp2.BasicDataSource" destroy-method="close">
		<property name="driverClassName" value="net.sf.log4jdbc.DriverSpy"/>
		<property name="url" value="jdbc:log4jdbc:hsqldb:hsql://localhost/sampledb"/>
		<property name="username" value="sa"/>
	</bean> -->
	 
	<!-- mysql -->
    <bean id="dataSource-mysql" class="org.apache.commons.dbcp2.BasicDataSource" destroy-method="close">
        <property name="driverClassName" value="${Globals.DriverClassName}"/>
        <property name="url" value="${Globals.Url}" />
        <property name="username" value="${Globals.UserName}"/>
        <property name="password" value="${Globals.Password}"/>
    </bean>
    
    <!-- Oracle -->
    <bean id="dataSource-oracle" class="org.apache.commons.dbcp2.BasicDataSource" destroy-method="close">
        <property name="driverClassName" value="${Globals.DriverClassName}"/>
        <property name="url" value="${Globals.Url}" />
        <property name="username" value="${Globals.UserName}"/>
        <property name="password" value="${Globals.Password}"/>
    </bean>
    
    <!-- Altibase -->
    <bean id="dataSource-altibase" class="org.apache.commons.dbcp2.BasicDataSource" destroy-method="close">
        <property name="driverClassName" value="${Globals.DriverClassName}"/>
        <property name="url" value="${Globals.Url}" />
        <property name="username" value="${Globals.UserName}"/>
        <property name="password" value="${Globals.Password}"/>
    </bean>

    <!-- Tibero -->
    <bean id="dataSource-tibero" class="org.apache.commons.dbcp2.BasicDataSource" destroy-method="close">
        <property name="driverClassName" value="${Globals.DriverClassName}"/>
        <property name="url" value="${Globals.Url}" />
        <property name="username" value="${Globals.UserName}"/>
        <property name="password" value="${Globals.Password}"/>
    </bean>
	
	<!-- cubrid -->
    <bean id="dataSource-cubrid" class="org.apache.commons.dbcp2.BasicDataSource" destroy-method="close">
        <property name="driverClassName" value="${Globals.DriverClassName}"/>
        <property name="url" value="${Globals.Url}" />
        <property name="username" value="${Globals.UserName}"/>
        <property name="password" value="${Globals.Password}"/>
    </bean>

	<!-- maria -->
    <bean id="dataSource-maria" class="org.apache.commons.dbcp2.BasicDataSource" destroy-method="close">
        <property name="driverClassName" value="${Globals.DriverClassName}"/>
        <property name="url" value="${Globals.Url}" />
        <property name="username" value="${Globals.UserName}"/>
        <property name="password" value="${Globals.Password}"/>
    </bean>
    
</beans>
