#아래순서로 테이블생성 및 기초데이터 입력 

# ID Generation
INSERT INTO IDS(TABLE_NAME,NEXT_ID) VALUES ('GDS_HST',1);
INSERT INTO IDS(TABLE_NAME,NEXT_ID) VALUES ('HST_ID',1);
INSERT INTO IDS(TABLE_NAME,NEXT_ID) VALUES ('RPT_ID',1);
INSERT INTO IDS(TABLE_NAME,NEXT_ID) VALUES ('USR_ID',1);
    

#분류코드
INSERT INTO STCTCCMMNCLCODE(CL_CD, CL_CD_NM, CL_CD_DC, USE_YN, FRST_REG_DT, FRST_RGTR_ID, LAST_CHG_DT, LAST_CHG_USR_ID) 
VALUES ('STC','STC모의프로젝트','STC모의프로젝트 분류코드','Y',NOW(),'SYSTEM',NOW(),'SYSTEM'); ​

# 공통코드
INSERT INTO STCTCCMMNCODE(CD_ID, CD_ID_NM, CD_ID_DC, USE_YN, CL_CD, FRST_REG_DT, FRST_RGTR_ID, LAST_CHG_DT, LAST_CHG_USR_ID) 
VALUES ('SXDS_CD','성별코드','성별구분코드','Y','STC',NOW(),'SYSTEM',NOW(),'SYSTEM');

INSERT INTO STCTCCMMNCODE(CD_ID, CD_ID_NM, CD_ID_DC, USE_YN, CL_CD, FRST_REG_DT, FRST_RGTR_ID, LAST_CHG_DT, LAST_CHG_USR_ID) 
VALUES ('AGE_CODE','연령코드','연령구분코드','Y','STC',NOW(),'SYSTEM',NOW(),'SYSTEM');

INSERT INTO STCTCCMMNCODE(CD_ID, CD_ID_NM, CD_ID_DC, USE_YN, CL_CD, FRST_REG_DT, FRST_RGTR_ID, LAST_CHG_DT, LAST_CHG_USR_ID) 
VALUES ('RPT_SPRTN_CD','보고서구분코드','보고서구분코드','Y','STC',NOW(),'SYSTEM',NOW(),'SYSTEM');

INSERT INTO STCTCCMMNCODE(CD_ID, CD_ID_NM, CD_ID_DC, USE_YN, CL_CD, FRST_REG_DT, FRST_RGTR_ID, LAST_CHG_DT, LAST_CHG_USR_ID) 
VALUES ('SNS_TYPE_CD','소셜로그인타입코드','소셜로그인타입코드','Y','STC',NOW(),'SYSTEM',NOW(),'SYSTEM');

INSERT INTO STCTCCMMNCODE(CD_ID, CD_ID_NM, CD_ID_DC, USE_YN, CL_CD, FRST_REG_DT, FRST_RGTR_ID, LAST_CHG_DT, LAST_CHG_USR_ID) 
VALUES ('DEVICE_TYPE_CD','기기종류코드','기기종류코드','Y','STC',NOW(),'SYSTEM',NOW(),'SYSTEM');

INSERT INTO STCTCCMMNCODE(CD_ID, CD_ID_NM, CD_ID_DC, USE_YN, CL_CD, FRST_REG_DT, FRST_RGTR_ID, LAST_CHG_DT, LAST_CHG_USR_ID) 
VALUES ('INQ_PRD_UNIT_CD','조회기간단위코드','조회기간단위코드','Y','STC',NOW(),'SYSTEM',NOW(),'SYSTEM');

# 공통상세코드
INSERT INTO STCTCCMMNDETAILCODE(CD_ID, CD, CD_NM, CD_DC, USE_YN, FRST_REG_DT, FRST_RGTR_ID, LAST_CHG_DT, LAST_CHG_USR_ID) 
VALUES ('SXDS_CD','M','남성','남성','Y', NOW(),'SYSTEM', NOW(),'SYSTEM');

INSERT INTO STCTCCMMNDETAILCODE(CD_ID, CD, CD_NM, CD_DC, USE_YN, FRST_REG_DT, FRST_RGTR_ID, LAST_CHG_DT, LAST_CHG_USR_ID) 
VALUES ('SXDS_CD','F','여성','여성','Y', NOW(),'SYSTEM', NOW(),'SYSTEM');

INSERT INTO STCTCCMMNDETAILCODE(CD_ID, CD, CD_NM, CD_DC, USE_YN, FRST_REG_DT, FRST_RGTR_ID, LAST_CHG_DT, LAST_CHG_USR_ID) 
VALUES ('AGE_CODE','100','10대','10대','Y', NOW(),'SYSTEM', NOW(),'SYSTEM');

INSERT INTO STCTCCMMNDETAILCODE(CD_ID, CD, CD_NM, CD_DC, USE_YN, FRST_REG_DT, FRST_RGTR_ID, LAST_CHG_DT, LAST_CHG_USR_ID) 
VALUES ('AGE_CODE','200','20대','20대','Y', NOW(),'SYSTEM', NOW(),'SYSTEM');

INSERT INTO STCTCCMMNDETAILCODE(CD_ID, CD, CD_NM, CD_DC, USE_YN, FRST_REG_DT, FRST_RGTR_ID, LAST_CHG_DT, LAST_CHG_USR_ID) 
VALUES ('AGE_CODE','300','30대','30대','Y', NOW(),'SYSTEM', NOW(),'SYSTEM');

INSERT INTO STCTCCMMNDETAILCODE(CD_ID, CD, CD_NM, CD_DC, USE_YN, FRST_REG_DT, FRST_RGTR_ID, LAST_CHG_DT, LAST_CHG_USR_ID) 
VALUES ('AGE_CODE','400','40대','40대','Y', NOW(),'SYSTEM', NOW(),'SYSTEM');

INSERT INTO STCTCCMMNDETAILCODE(CD_ID, CD, CD_NM, CD_DC, USE_YN, FRST_REG_DT, FRST_RGTR_ID, LAST_CHG_DT, LAST_CHG_USR_ID) 
VALUES ('AGE_CODE','500','50대','50대','Y', NOW(),'SYSTEM', NOW(),'SYSTEM');

INSERT INTO STCTCCMMNDETAILCODE(CD_ID, CD, CD_NM, CD_DC, USE_YN, FRST_REG_DT, FRST_RGTR_ID, LAST_CHG_DT, LAST_CHG_USR_ID) 
VALUES ('AGE_CODE','600','60대 이상','60대 이상','Y', NOW(),'SYSTEM', NOW(),'SYSTEM');

INSERT INTO STCTCCMMNDETAILCODE(CD_ID, CD, CD_NM, CD_DC, USE_YN, FRST_REG_DT, FRST_RGTR_ID, LAST_CHG_DT, LAST_CHG_USR_ID) 
VALUES ('AGE_CODE','999','전체','연령전체','Y', NOW(),'SYSTEM', NOW(),'SYSTEM');

INSERT INTO STCTCCMMNDETAILCODE(CD_ID, CD, CD_NM, CD_DC, USE_YN, FRST_REG_DT, FRST_RGTR_ID, LAST_CHG_DT, LAST_CHG_USR_ID) 
VALUES ('RPT_SPRTN_CD','R01','기간 트렌드분석 보고서','기간 트렌드분석 보고서','Y', NOW(),'SYSTEM', NOW(),'SYSTEM');

INSERT INTO STCTCCMMNDETAILCODE(CD_ID, CD, CD_NM, CD_DC, USE_YN, FRST_REG_DT, FRST_RGTR_ID, LAST_CHG_DT, LAST_CHG_USR_ID) 
VALUES ('RPT_SPRTN_CD','R02','기간 사용자분석 보고서','기간 사용자분석 보고서','Y', NOW(),'SYSTEM', NOW(),'SYSTEM');

INSERT INTO STCTCCMMNDETAILCODE(CD_ID, CD, CD_NM, CD_DC, USE_YN, FRST_REG_DT, FRST_RGTR_ID, LAST_CHG_DT, LAST_CHG_USR_ID) 
VALUES ('SNS_TYPE_CD','NA','네이버','네이버','Y', NOW(),'SYSTEM', NOW(),'SYSTEM');

INSERT INTO STCTCCMMNDETAILCODE(CD_ID, CD, CD_NM, CD_DC, USE_YN, FRST_REG_DT, FRST_RGTR_ID, LAST_CHG_DT, LAST_CHG_USR_ID) 
VALUES ('SNS_TYPE_CD','GO','구글','구글','Y', NOW(),'SYSTEM', NOW(),'SYSTEM');

INSERT INTO STCTCCMMNDETAILCODE(CD_ID, CD, CD_NM, CD_DC, USE_YN, FRST_REG_DT, FRST_RGTR_ID, LAST_CHG_DT, LAST_CHG_USR_ID) 
VALUES ('DEVICE_TYPE_CD','D10','PC','PC','Y', NOW(),'SYSTEM', NOW(),'SYSTEM');

INSERT INTO STCTCCMMNDETAILCODE(CD_ID, CD, CD_NM, CD_DC, USE_YN, FRST_REG_DT, FRST_RGTR_ID, LAST_CHG_DT, LAST_CHG_USR_ID) 
VALUES ('DEVICE_TYPE_CD','D20','Mobile','Mobile','Y', NOW(),'SYSTEM', NOW(),'SYSTEM');

INSERT INTO STCTCCMMNDETAILCODE(CD_ID, CD, CD_NM, CD_DC, USE_YN, FRST_REG_DT, FRST_RGTR_ID, LAST_CHG_DT, LAST_CHG_USR_ID) 
VALUES ('INQ_PRD_UNIT_CD','D','일간','일간','Y', NOW(),'SYSTEM', NOW(),'SYSTEM');

INSERT INTO STCTCCMMNDETAILCODE(CD_ID, CD, CD_NM, CD_DC, USE_YN, FRST_REG_DT, FRST_RGTR_ID, LAST_CHG_DT, LAST_CHG_USR_ID) 
VALUES ('INQ_PRD_UNIT_CD','W','주간','주간','Y', NOW(),'SYSTEM', NOW(),'SYSTEM');

INSERT INTO STCTCCMMNDETAILCODE(CD_ID, CD, CD_NM, CD_DC, USE_YN, FRST_REG_DT, FRST_RGTR_ID, LAST_CHG_DT, LAST_CHG_USR_ID) 
VALUES ('INQ_PRD_UNIT_CD','M','월간','월간','Y', NOW(),'SYSTEM', NOW(),'SYSTEM');

# 그룹정보
INSERT INTO STCTNAUTHORGROUPINFO(GRP_ID, GRP_NM, GRP_CRT_DT, GRP_DC) 
VALUES ('GROUP_00000000000001','관리자',NOW(),'관리자');

INSERT INTO STCTNAUTHORGROUPINFO(GRP_ID, GRP_NM, GRP_CRT_DT, GRP_DC) 
VALUES ('GROUP_00000000000002','일반회원',NOW(),'일반회원');

# 사용자정보
INSERT INTO TN_USR_INFO VALUES('USR_ID9999999999','admin','1234',NULL,NULL,NULL,'관리자',NULL,'20240117','M',NULL,'GROUP_00000000000001',NOW(),NULL,null);


